Component,Description,References,Value,Footprint,Quantity Per PCB,Datasheet,MPN,Manufacturer
1,"Unpolarized capacitor, small symbol",C101 C102 C103 C104 C105 C106 C303 C304 C306 C307 C403 C405 C406 C407 C408 C409 C411 C412,100n/50V,C_0603_1608Metric_Pad1.05x0.95mm_HandSolder,18,~,,
2,Unpolarized capacitor,C207 C211 C212,100n/50V,C_0805_2012Metric_Pad1.15x1.40mm_HandSolder,3,~,,
3,"Unpolarized capacitor, small symbol",C203 C213 C302,10n/50V,C_0603_1608Metric_Pad1.05x0.95mm_HandSolder,3,~,,
4,Unpolarized capacitor,C209 C210,10n/50V,C_0805_2012Metric_Pad1.15x1.40mm_HandSolder,2,~,,
5,Unpolarized capacitor,C206,10u/10V,C_0805_2012Metric_Pad1.15x1.40mm_HandSolder,1,~,,
6,"Unpolarized capacitor, small symbol",C404 C410,10u/10V,C_0603_1608Metric_Pad1.05x0.95mm_HandSolder,2,~,,
7,Unpolarized capacitor,C205 C401 C402,1u/35V,C_0805_2012Metric_Pad1.15x1.40mm_HandSolder,3,~,,
8,"Unpolarized capacitor, small symbol",C301,1u/35V,C_0603_1608Metric_Pad1.05x0.95mm_HandSolder,1,~,,
9,"Unpolarized capacitor, small symbol",C309,2u2/10V,C_0805_2012Metric_Pad1.15x1.40mm_HandSolder,1,~,,
10,Light emitting diode,D101,LED_Green,LED_0603_HandSoldering,1,~,,
11,Schottky diode,D201 D202,SS54,D_SMA_Handsoldering,2,https://www.farnell.com/datasheets/1441695.pdf,SS54,
12,Inductor,L202, BCRH1212Y-680M,L_Sunlord_MWSA1206,1,https://datasheet.lcsc.com/szlcsc/Sunlord-MWSA1206-470MT_C115409.pdf,MWSA1206-470MT,Sunlord
13,Inductor,L201, SPN30304R7MPTE,L_Sunlord_MWSA0402,1,https://datasheet.lcsc.com/szlcsc/Sunlord-MWSA0402-4R7MT_C136097.pdf,MWSA0402-4R7MT,Sunlord
14,"100A Id, 30V Vds, NexFET N-Channel Power MOSFET, 4.2mOhm Ron, Qg (typ) 11.8nC, SON8 5x6mm",Q404 Q408,CSD17306Q5A,TDSON-8-1_HandSoldering,2,http://www.ti.com/lit/gpn/csd17306q5a,CSD17306Q5A,Texas Instruments
15,MOSFET N-CH 30V 5A SOT23,Q401 Q402 Q403 Q406,IRLML6344TRPBF,SOT-23-3,4,https://www.infineon.com/dgdl/irlml6344pbf.pdf?fileId=5546d462533600a4015356689c44262c,IRLML6344TRPBF,Infineon Technologies
16,Resistor,R101 R201 R206 R413 R415 R417 R418,10k,R_0603_1608Metric_Pad1.05x0.95mm_HandSolder,7,~,,
17,"Resistor, small symbol",R205 R302 R304 R305 R307,12k,R_0603_1608Metric_Pad1.05x0.95mm_HandSolder,5,~,,
18,"Resistor, small symbol",R401 R416,15k,R_0603_1608Metric_Pad1.05x0.95mm_HandSolder,2,~,,
19,"Resistor, small symbol",R306 R308,18k,R_0603_1608Metric_Pad1.05x0.95mm_HandSolder,2,~,,
20,"Resistor, small symbol",R105 R402 R403 R404 R409 R410 R411,1k5,R_0603_1608Metric_Pad1.05x0.95mm_HandSolder,7,~,,
21,"Resistor, small symbol",R202 R208,24k,R_0603_1608Metric_Pad1.05x0.95mm_HandSolder,2,~,,
22,Resistor,R102 R103,470R,R_0603_1608Metric_Pad1.05x0.95mm_HandSolder,2,~,,
23,Resistor,R104 R106 R107 R108,50R,R_0603_1608Metric_Pad1.05x0.95mm_HandSolder,4,~,,
24,"Resistor, small symbol",R203 R301 R303,68k,R_0603_1608Metric_Pad1.05x0.95mm_HandSolder,3,~,,
25,"Resistor, small symbol",R204 R408,6k2,R_0603_1608Metric_Pad1.05x0.95mm_HandSolder,2,~,,
26,"Resistor, small symbol",R207 R405 R406 R407 R414,75k,R_0603_1608Metric_Pad1.05x0.95mm_HandSolder,5,~,,
27,,U403,AD5160BRJZ10-R2,SOT-23-8,1,https://www.analog.com/media/en/technical-documentation/data-sheets/AD5160.pdf,Analog Devices,AD5160BRJZ10-R2
28,,U201,AP1501-K5,TO-263-5_TabPin3,1,https://www.diodes.com/assets/Datasheets/AP1501.pdf,AP1501-K5,Diodes Inc
29,,U102,IS25LP032D,SOIC-8_W5.6mm,1,http://www.issi.com/WW/pdf/25LP-WP032D.pdf,IS25LP032D,ISSI
30,"150mA 16V Low-noise Low-dropout Regulator With Shutdown, 5.0V output voltage, SOT-23-5",U301,LP2985-5.0,SOT-23-5_HandSoldering,1,http://www.ti.com/lit/ds/symlink/lp2985.pdf,LP2985-5.0,Texas Instruments
31,,U401 U402,MCP1416,SOT-23-5_HandSoldering,2,http://ww1.microchip.com/downloads/en/DeviceDoc/20002092F.pdf,MCP1416,Microchip
32,"1MHz, Low-Power Op Amp, SOT-23-5",U303,MCP6001-OT,SOT-23-5_HandSoldering,1,http://ww1.microchip.com/downloads/en/DeviceDoc/21733j.pdf,MCP6001-OT,Microchip
33,"1MHz, Low-Power Op Amp, SOT-23-5",U305 U404 U407,MCP6001-OT,SOT-23-5_HandSoldering,3,http://ww1.microchip.com/downloads/en/DeviceDoc/21733j.pdf,MCP6001-OT,Microchip
34,,U202,RT6200,SOT-23-6_Handsoldering,1,https://www.richtek.com/assets/product_file/RT6200/DS6200-04.pdf,RT6200,Richtek Tech
35,,U101,STM32F303CBx,LQFP-48_7x7mm_Pitch0.5mm,1,https://www.st.com/resource/en/datasheet/stm32f303cb.pdf,STM32F303CB,ST Microelectronics
36,OPTOISO 3.75KV PSH PULL SO6-5,U405 U406,TLP2361_TPL_E,SOIC-6-5_W4.55mm,2,https://toshiba.semicon-storage.com/info/docget.jsp?did=14229&prodName=TLP2361,TLP2361-TPLECT,Toshiba Semiconductor and Storage
37,,X101,SG-310_SCF_8.000000MHZ,SG- 310,1,https://support.epson.biz/td/api/doc_check.php?dl=brief_SG-310SEF&lang=en,SG-310_SCF_8.000000MHZ,Epson





Component Groups:,54
Component Count:,130
Fitted Components:,101
Number of PCBs:,1
Total components:,101
Schematic Version:,1.1
Schematic Date:,2020-02-24
PCB Variant:,prod
BoM Date:,27.2.2020 21.57.48
Schematic Source:,C:\Users\akiku\GIT\rctelemetry\hw\Telemetry.sch
KiCad Version:,Eeschema (5.1.5)-3
